first_name,last_name,company_name,address,city,county
Aleshia,Tomkiewicz,Alan D Rosenburg Cpa Pc,14 Taylor St,St. Stephens Ward,Kent
Evan,Zigomalas,Cap Gemini America,5 Binney St,Abbey Ward,Buckinghamshire
France,Andrade,"Elliott, John W Esq",8 Moor Place,East Southbourne and Tuckton W,Bournemouth
Ulysses,Mcwalters,"Mcmahan, Ben L",505 Exeter Rd,Hawerby cum Beesby,Lincolnshire
Tyisha,Veness,Champagne Room,5396 Forth Street,Greets Green and Lyng Ward,West Midlands
Eric,Rampy,"Thompson, Michael C Esq",9472 Lind St,Desborough,Northamptonshire
Marg,Grasmick,Wrangle Hill Auto Auct & Slvg,7457 Cowl St #70,Bargate Ward,Southampton
Laquita,Hisaw,In Communications Inc,20 Gloucester Pl #96,Chirton Ward,Tyne & Wear
Lura,Manzella,Bizerba Usa Inc,929 Augustine St,Staple Hill Ward,South Gloucestershire
Yuette,Klapec,Max Video,45 Bradfield St #166,Parwich,Derbyshire
Fernanda,Writer,K & R Associates Inc,620 Northampton St,Wilmington,Kent
Charlesetta,Erm,"Cain, John M Esq",5 Hygeia St,Loundsley Green Ward,Derbyshire
Corrinne,Jaret,Sound Vision Corp,2150 Morley St,Dee Ward,Dumfries and Galloway
Niesha,Bruch,Rowley/hansell Petetin,24 Bolton St,"Broxburn, Uphall and Winchburg",West Lothian
Rueben,Gastellum,Industrial Engineering Assocs,4 Forrest St,Weston-Super-Mare,North Somerset
Michell,Throssell,Weiss Spirt & Guyer,89 Noon St,Carbrooke,Norfolk
Edgar,Kanne,"Crowan, Kenneth W Esq",99 Guthrie St,New Milton,Hampshire
Dewitt,Julio,Rittenhouse Motor Co,7 Richmond St,Parkham,Devon
Charisse,Spinello,Modern Plastics Corp,9165 Primrose St,Darnall Ward,"Yorkshire, South"
